Longitude,Latitude,TotalRooms,TotalBedrooms,Population,Households,HousingMedianAge,MedianIncome,OceanProximity,TargetMedianHouseValue,TargetLogistic,TargetSoftmax
-122.69,38.34,2846,516,1526,492,23,3.733,<1H OCEAN,163500,0,1
-117.28,32.83,2392,653,933,619,34,3.7306,NEAR OCEAN,500000,1,2
-122.04,37.31,2476,434,1217,416,29,6.2045,<1H OCEAN,393800,1,2
-117.07,32.91,2234,256,894,253,5,10.3354,<1H OCEAN,477600,1,2
-117.92,33.83,382,86,272,81,17,1.425,<1H OCEAN,212500,1,1
-122.26,37.77,1670,350,793,299,52,2.9732,NEAR BAY,282100,1,2
-122.3,38.33,4741,956,2043,856,15,4.1862,NEAR BAY,183600,1,1
-118.33,33.84,1364,251,668,245,36,5.3131,<1H OCEAN,314100,1,2
-118.3,33.76,9659,1716,4336,1674,18,5.7764,<1H OCEAN,290500,1,2
-118.29,34.36,503,99,275,68,34,4.5491,INLAND,375000,1,2
-121.87,37.34,1170,215,604,207,52,2.6667,<1H OCEAN,325900,1,2
-119.38,36.56,1180,222,611,212,25,2.0729,INLAND,84700,0,0
-117.09,32.65,3509,985,2359,899,25,2.6296,NEAR OCEAN,150000,0,1
-118.45,34.02,2956,700,1212,645,41,3.4583,<1H OCEAN,421900,1,2
-119.95,37.47,1312,315,600,265,32,1.5,INLAND,91500,0,0
-122.48,38.32,2106,533,1141,445,42,3.1129,<1H OCEAN,149300,0,1
-119.22,34.26,2596,625,1403,562,16,3.4018,NEAR OCEAN,145200,0,1
-117.7,33.63,3038,473,1501,436,23,5.5584,<1H OCEAN,241700,1,2
-118.28,33.96,882,221,697,189,39,1.8472,<1H OCEAN,99100,0,0
-118.99,35.39,2805,573,1325,522,52,2.5083,INLAND,70100,0,0
-117.8,34.15,7876,1253,3699,1162,14,5.5423,INLAND,248700,1,2
-120.42,34.94,2844,551,1337,516,32,2.7188,<1H OCEAN,133700,0,0
-121.34,38.03,2707,433,1200,380,12,4.9861,INLAND,133500,0,0
-122.17,39.92,1566,306,652,287,16,1.9038,INLAND,60800,0,0
-122.07,37.34,1208,198,495,216,33,5.4659,<1H OCEAN,500001,1,2
-118.17,33.84,1853,328,945,320,45,5.0787,<1H OCEAN,219200,1,1
-118.3,34,1296,246,853,238,52,3.05,<1H OCEAN,111600,0,0
-121.83,37.26,2394,403,1393,409,11,5.5875,<1H OCEAN,259300,1,2
-118.49,34,3407,1071,1463,986,32,3.0369,<1H OCEAN,500001,1,2
-118.17,33.96,3297,1066,5027,1041,25,2.2817,<1H OCEAN,164200,0,1
-118.2,34.07,1353,380,1688,367,21,1.9937,<1H OCEAN,139600,0,0
-121.6,39.77,1503,343,699,296,26,1.875,INLAND,84000,0,0
-119.16,34.28,5330,1056,2801,1028,11,4.763,NEAR OCEAN,232700,1,1
-118.22,33.9,1802,496,2096,468,40,2.3542,<1H OCEAN,97900,0,0
-117.8,33.67,2638,521,1179,480,5,5.7759,<1H OCEAN,240000,1,2
-117.9,33.76,2678,702,3262,685,26,3.6953,<1H OCEAN,176800,0,1
-119.71,34.42,1838,692,851,576,52,1.4851,<1H OCEAN,237500,1,2
-123.26,41.86,2344,532,1117,424,25,2.7222,INLAND,64600,0,0
-121.58,37.02,2303,471,1447,467,27,3.2019,INLAND,203600,1,1
-121.25,38.72,6838,941,3166,926,15,5.2177,INLAND,162700,0,1
-118.28,34.09,790,275,664,194,38,3.0357,<1H OCEAN,175000,0,1
-118.18,34.1,1116,267,435,235,8,4.9231,<1H OCEAN,230900,1,1
-119.78,36.73,1377,319,1280,259,52,1.2344,INLAND,43300,0,0
-118.43,34.01,1487,242,675,247,43,5.3403,<1H OCEAN,489800,1,2
-118.23,33.93,2065,532,2015,535,39,0.8478,<1H OCEAN,104900,0,0
-118.71,34.29,2983,406,1203,381,24,6.3236,<1H OCEAN,302000,1,2
-120.64,35.47,416,121,936,97,8,2.1154,<1H OCEAN,117200,0,0
-120.38,34.96,2813,492,1144,490,9,4.0431,<1H OCEAN,226800,1,1
-122.1,37.61,2361,458,1727,467,35,4.5281,NEAR BAY,173600,0,1
-118.45,34.02,1230,201,565,219,45,6.3521,<1H OCEAN,493400,1,2
-122.5,37.97,6526,1902,5917,1812,25,2.7273,NEAR BAY,187500,1,1
-118.43,34.24,1416,261,995,272,35,3.7143,<1H OCEAN,178700,1,1
-118.16,33.91,1806,408,1146,374,41,2.9643,<1H OCEAN,162200,0,1
-118.41,34.02,4702,1472,2636,1334,19,3.3955,<1H OCEAN,225000,1,1
-117.07,32.61,5016,1331,3222,1196,22,2.1441,NEAR OCEAN,135500,0,0
-117.04,34,4624,852,2174,812,21,3.5255,INLAND,132100,0,0
-118.15,34.09,1935,460,1456,382,27,2.8062,<1H OCEAN,192800,1,1
-117.93,34.12,294,67,266,80,36,3.5385,INLAND,134400,0,0
-121.57,39.76,1384,257,557,232,20,2.0882,INLAND,104900,0,0
-117.87,33.7,3648,654,2266,628,21,5.0956,<1H OCEAN,246000,1,2
-122.28,37.88,957,188,403,172,52,3.2344,NEAR BAY,245500,1,2
-117.71,33.51,2198,252,883,281,11,13.1477,<1H OCEAN,487000,1,2
-117.19,32.77,2747,640,3185,657,30,3.765,NEAR OCEAN,238000,1,2
-122.47,37.79,437,105,194,87,52,2.8125,NEAR BAY,500001,1,2
-122.26,37.85,2643,626,1212,620,52,1.9167,NEAR BAY,159200,0,1
-123.58,39.66,1839,489,887,332,15,2.2429,<1H OCEAN,100000,0,0
-120.84,35.31,3100,603,1515,609,23,2.8493,NEAR OCEAN,196100,1,1
-118.41,34,324,70,268,73,38,2.55,<1H OCEAN,271400,1,2
-117.66,33.62,5175,799,2717,813,16,6.1493,<1H OCEAN,257800,1,2
-121.09,38.97,1467,221,688,231,13,5.2536,INLAND,191900,1,1
-122.44,37.8,1603,487,727,464,52,3.9856,NEAR BAY,500001,1,2
-118.3,33.78,2572,504,1172,519,35,4.6207,<1H OCEAN,304100,1,2
-121.93,37.04,1522,230,677,206,36,5.8642,<1H OCEAN,363500,1,2
-116.93,32.83,1283,278,684,289,21,2.3203,<1H OCEAN,163500,0,1
-120.59,38.53,432,87,208,73,15,3.6125,INLAND,100000,0,0
-118.04,33.93,1045,239,1165,230,36,3.1979,<1H OCEAN,161800,0,1
-117.04,32.64,2329,542,1213,514,5,4.0298,NEAR OCEAN,225600,1,1
-118.06,33.83,1973,516,1112,501,17,3.8512,<1H OCEAN,163800,0,1
-117.61,33.43,1150,383,604,317,33,2.3545,NEAR OCEAN,187500,1,1
-117.02,36.4,619,239,490,164,19,2.1,INLAND,14999,0,0
-118.07,34,1392,351,1471,348,42,2.63,<1H OCEAN,143800,0,1
-118.1,33.9,1151,248,809,246,35,4.7813,<1H OCEAN,160000,0,1
-116.94,32.83,1701,317,872,304,38,3.7831,<1H OCEAN,147800,0,1
-118.3,33.96,2112,417,1161,368,47,3.9722,<1H OCEAN,117400,0,0
-122.53,37.98,2390,336,810,354,32,8.5759,NEAR BAY,500001,1,2
-117.62,33.43,3858,1062,2321,873,27,3.3155,NEAR OCEAN,231000,1,1
-117.37,33.95,2215,351,771,311,32,4.3542,INLAND,142600,0,0
-119.56,36.71,1609,374,1173,344,37,2.181,INLAND,59900,0,0
-120.99,37.67,568,124,307,116,16,2.1518,INLAND,107400,0,0
-118.47,34.19,3879,943,2113,843,33,3.892,<1H OCEAN,292900,1,2
-117.34,34.13,331,85,341,107,29,0.7069,INLAND,70300,0,0
-118.14,33.78,2101,496,1038,500,44,3.108,NEAR OCEAN,217900,1,1
-121.39,38.6,5773,1320,2607,1250,22,2.5238,INLAND,118800,0,0
-118.38,34.3,1622,355,903,314,39,4.1125,<1H OCEAN,183000,1,1
-122.78,39.05,1601,323,661,269,15,2.6181,INLAND,108900,0,0
-118.61,34.38,5989,883,1787,613,2,6.6916,INLAND,329500,1,2
-122.21,37.78,1702,460,1227,407,43,1.7188,NEAR BAY,126800,0,0
-118.49,34.15,2829,360,1010,363,33,10.3587,<1H OCEAN,500001,1,2
-121.56,39.53,1733,421,1861,415,12,1.5771,INLAND,65200,0,0
-118.45,34,1606,408,862,354,43,3.962,<1H OCEAN,345800,1,2
-117.15,32.91,2349,431,1598,435,10,4.8229,<1H OCEAN,183200,1,1
-122.49,37.86,2175,510,809,503,52,4.5398,NEAR BAY,442000,1,2
-122.41,37.62,3119,758,1807,696,39,3.2216,NEAR OCEAN,242700,1,2
-121.96,39.3,701,130,271,89,39,2.1845,INLAND,112500,0,0
-122.44,37.79,1447,186,483,181,52,15.0001,NEAR BAY,500001,1,2
-122.03,37.98,2842,567,1261,535,45,3.6042,NEAR BAY,138200,0,0
-119.25,36.27,1494,275,678,235,23,2.6875,INLAND,69100,0,0
-122.47,37.78,3021,569,1479,514,52,4.0208,NEAR BAY,414600,1,2
-118.3,33.95,2057,550,1805,506,41,1.2455,<1H OCEAN,100800,0,0
-120.78,38.74,4236,877,2008,881,28,2.1603,INLAND,111300,0,0
-119.93,37.85,473,115,88,41,18,4.0833,INLAND,137500,0,0
-118.21,34.13,2465,611,1433,570,52,3.25,<1H OCEAN,214200,1,1
-116.97,33.94,3197,632,1722,603,29,3.0432,INLAND,91200,0,0
-118.41,33.97,1629,275,668,266,37,6.1333,<1H OCEAN,387200,1,2
-119.77,36.81,1713,302,663,282,28,3.567,INLAND,85500,0,0
-118.09,34.02,1984,313,1099,343,28,4.5526,<1H OCEAN,250200,1,2
-116.53,33.84,8399,1839,3470,1340,28,2.5885,INLAND,159000,0,1
-118.15,33.96,1201,340,1482,334,33,2.4821,<1H OCEAN,150000,0,1
-121.61,39.13,2559,539,1583,504,33,1.4727,INLAND,53000,0,0
-118.93,36.19,2685,546,951,523,30,2.6184,INLAND,113900,0,0
-118.33,34.02,1528,391,933,366,46,2.1979,<1H OCEAN,125700,0,0
-120.79,37.82,4227,729,1809,679,17,3.2667,INLAND,269500,1,2
-121.53,38.58,1316,321,732,336,35,2.1213,INLAND,79200,0,0
-117.95,34.03,1782,394,1517,376,33,3.3389,<1H OCEAN,157900,0,1
-117.73,33.57,11976,2495,4327,2009,5,4.8488,<1H OCEAN,194400,1,1
-117.88,33.75,1823,590,2176,548,10,1.5026,<1H OCEAN,151800,0,1
-121.4,38.61,3512,825,1515,782,33,1.9908,INLAND,118800,0,0
-122.23,37.8,1192,289,772,257,52,2.3833,NEAR BAY,146900,0,1
-119.18,34.26,2334,359,1298,363,22,5.5275,NEAR OCEAN,228900,1,1
-118.18,33.9,1452,365,1888,366,32,3.5461,<1H OCEAN,146400,0,1
-119.68,36.62,834,229,616,211,31,1.6602,INLAND,61200,0,0
-117.18,32.76,3694,997,1297,807,8,3.6492,NEAR OCEAN,158900,0,1
-118.37,34.08,1234,223,543,213,52,6.0338,<1H OCEAN,423700,1,2
-118.36,34.09,3463,1170,1845,1134,33,2.0205,<1H OCEAN,243800,1,2
-117.22,32.83,1124,187,553,205,17,5.7451,NEAR OCEAN,237300,1,2
-122.34,37.94,1611,455,786,411,31,1.681,NEAR BAY,145500,0,1
-121.82,37.25,3344,531,1768,541,24,5.8305,<1H OCEAN,245600,1,2
-118.29,33.93,3894,1017,3590,962,31,2.0437,<1H OCEAN,137200,0,0
-118.44,34.19,3487,959,2278,835,19,2.6709,<1H OCEAN,215500,1,1
-118.3,33.73,2582,606,1304,588,40,3.5694,NEAR OCEAN,276400,1,2
-119.79,36.72,1719,391,1369,368,19,1.25,INLAND,53000,0,0
-117.64,33.64,2422,429,810,395,11,6.1935,<1H OCEAN,293200,1,2
-117.57,33.88,679,164,769,179,39,2.3036,INLAND,110600,0,0
-118.12,34.7,4915,885,2833,874,7,4.3229,INLAND,130000,0,0
-119.26,34.46,3826,691,1656,657,30,4.0074,<1H OCEAN,434700,1,2
-118.57,34.23,3275,648,1746,585,22,4.9676,<1H OCEAN,221900,1,1
-118.23,34.13,1799,426,1088,417,37,2.975,<1H OCEAN,244500,1,2
-117.04,32.77,7963,1881,3769,1804,16,2.9624,<1H OCEAN,144700,0,1
-117.09,32.7,869,217,887,216,15,1.4583,NEAR OCEAN,84200,0,0
-119.63,36.76,4126,614,1795,613,22,4.925,INLAND,154700,0,1
-118.11,33.78,3985,567,1327,564,16,7.9767,<1H OCEAN,500001,1,2
-122.07,37.31,4401,698,1818,685,24,7.2986,<1H OCEAN,500001,1,2
-122.18,37.41,1034,117,323,117,21,10.7237,NEAR OCEAN,500001,1,2
-118.3,34.08,2880,1063,3646,1028,32,2.3846,<1H OCEAN,258300,1,2
-117.13,32.76,1591,461,794,425,33,2.6333,NEAR OCEAN,140000,0,0
-117.21,33.93,10002,1468,5439,1397,4,5.0223,INLAND,152600,0,1
-118.14,33.97,1846,530,2576,528,29,2.63,<1H OCEAN,156000,0,1
-122.54,37.88,4382,732,1775,745,30,6.7809,NEAR BAY,414400,1,2
-118.26,34.18,14556,2077,5459,2017,32,8.1657,<1H OCEAN,500001,1,2
-118.26,34.15,3340,945,2315,846,6,2.8884,<1H OCEAN,252300,1,2
-122.45,38.01,4501,832,2196,800,36,4.3182,NEAR BAY,252700,1,2
-120.83,37.51,3795,604,1639,609,13,4.6635,INLAND,198400,1,1
-121.4,38.57,2022,295,639,278,25,5.8416,INLAND,297600,1,2
-121.98,37.95,2984,406,1317,397,16,6.7821,INLAND,265900,1,2
-120.61,37.03,1841,354,1019,356,34,1.7841,INLAND,67500,0,0
-118.3,34.07,5221,2530,5840,2374,28,1.8829,<1H OCEAN,300000,1,2
-118.07,34.58,3416,601,1929,567,34,4.0147,INLAND,107400,0,0
-118.41,33.92,2340,584,1141,554,22,4.5729,<1H OCEAN,337500,1,2
-117.16,32.73,1682,617,873,534,52,2.0972,NEAR OCEAN,112500,0,0
-120.08,39.61,1404,247,544,201,32,2.7778,INLAND,72900,0,0
-119.65,36.33,1059,268,693,241,47,1.3882,INLAND,53800,0,0
-119.17,34.29,731,155,285,162,28,3.2917,NEAR OCEAN,225000,1,1
-118.4,34.21,972,181,554,187,45,4.8194,<1H OCEAN,181300,1,1
-122.45,40.61,785,155,417,136,17,2.3289,INLAND,58200,0,0
-118.18,33.78,1697,550,1379,434,36,1.2746,NEAR OCEAN,129700,0,0
-122.9,39.09,2483,544,835,380,15,1.9141,INLAND,143200,0,1
-118.29,34.09,2198,998,3441,912,35,2.0467,<1H OCEAN,158300,0,1
-118.4,34,2122,385,1012,367,44,4.6687,<1H OCEAN,344300,1,2
-117.14,32.71,719,251,894,208,32,1.8456,NEAR OCEAN,103100,0,0
-118.43,34.2,4090,1271,2824,1053,20,2.773,<1H OCEAN,140500,0,0
-118.04,34.12,2522,380,1113,357,39,5.2249,INLAND,445200,1,2
-118.34,34.15,1586,377,625,344,16,4.0893,<1H OCEAN,450000,1,2
-117.78,33.97,556,63,179,54,2,8.4411,<1H OCEAN,500001,1,2
-117.94,33.89,2577,404,1076,374,30,6.7528,<1H OCEAN,459600,1,2
-121.66,36.37,1580,287,465,208,9,6.1668,<1H OCEAN,405800,1,2
-122.03,37.6,2077,383,1488,389,24,4.5721,NEAR BAY,214700,1,1
-121.93,37.32,2711,728,1607,724,51,3,<1H OCEAN,184700,1,1
-119.99,38.88,2807,529,675,251,17,2.7457,INLAND,107800,0,0
-119.84,36.77,1853,473,1397,417,6,1.4817,INLAND,72000,0,0
-120.55,37.32,1410,229,590,205,21,3.3194,INLAND,141400,0,0
-117.97,33.82,4013,985,2442,922,26,3.7655,<1H OCEAN,197700,1,1
-122.27,37.85,2077,400,719,326,47,2.2431,NEAR BAY,172700,0,1
-117.23,32.88,5566,1465,6303,1458,18,1.858,NEAR OCEAN,205000,1,1
-121.11,39.09,1000,197,508,190,16,2.3062,INLAND,138800,0,0
-117.05,34.04,3967,766,1518,698,23,2.29,INLAND,111800,0,0
-118.29,34.04,1353,488,1945,487,48,2.4359,<1H OCEAN,123700,0,0
-117.09,32.76,1922,577,1595,545,10,1.5208,NEAR OCEAN,118800,0,0
-121.82,36.95,2599,430,1417,445,16,4.6611,<1H OCEAN,349300,1,2
-122.01,38.44,2344,354,1035,321,12,4.9773,INLAND,281200,1,2
-122.2,37.84,2211,346,844,343,30,6.0666,NEAR BAY,311500,1,2
-118.25,33.9,1135,231,614,227,36,2.5521,<1H OCEAN,113100,0,0
-117.88,33.69,5330,976,2734,1000,20,5.2138,<1H OCEAN,233100,1,1
-117.12,32.75,2795,773,1869,690,13,2.1767,NEAR OCEAN,101800,0,0
-119.02,35.35,1239,251,776,272,42,1.983,INLAND,63300,0,0
-116.22,33.74,4120,858,2918,815,26,3.3107,INLAND,69400,0,0
-118.97,35.39,2121,433,1547,441,38,2.774,INLAND,59500,0,0
-118.02,34.12,1778,288,870,281,38,6.5784,INLAND,408500,1,2
-117.99,33.76,1572,362,1351,359,30,3.369,<1H OCEAN,190900,1,1
-116.37,33.72,6190,1355,2242,1043,19,3.0021,INLAND,152300,0,1
-122.65,38.99,4279,951,1596,666,16,1.8571,INLAND,75900,0,0
-121.26,38.11,2770,642,1611,633,8,3.1284,INLAND,115100,0,0
-122.5,37.76,2226,480,1272,468,46,4.2644,NEAR OCEAN,284100,1,2
-121.84,37.27,2429,387,1293,363,16,5.5,<1H OCEAN,253200,1,2
-117.13,32.91,3230,579,1825,576,16,4.2969,<1H OCEAN,151200,0,1
-118.27,34.09,3225,763,1559,710,52,3.9674,<1H OCEAN,268800,1,2
-122.3,38.28,1633,316,944,300,31,3.3977,NEAR BAY,158700,0,1
-118.34,34.06,1311,310,707,290,52,3.4812,<1H OCEAN,432800,1,2
-121.39,38.67,562,174,240,106,35,0.9338,INLAND,112500,0,0
-122.04,37.88,3250,550,1230,557,32,4.6424,NEAR BAY,312700,1,2
-122.27,37.85,1639,367,929,366,42,1.7135,NEAR BAY,159800,0,1
-117.31,34.15,5747,1307,2578,1147,7,3.3281,INLAND,122200,0,0
-117.18,32.7,1691,286,761,281,42,5.1386,NEAR OCEAN,404500,1,2
-121.7,37.93,3258,612,1779,558,10,4.6587,INLAND,152500,0,1
-121.6,39.76,2447,556,1157,556,22,1.8245,INLAND,85500,0,0
-122.2,37.78,2300,443,1225,423,52,3.5398,NEAR BAY,158400,0,1
-118.35,34,2894,395,1063,409,40,6.939,<1H OCEAN,372000,1,2
-119.19,36.06,1815,376,1421,339,29,1.9091,INLAND,71300,0,0
-118.2,34.05,1165,317,1279,303,43,1.9615,<1H OCEAN,141700,0,0
-117.97,33.89,923,136,420,130,14,10.2252,<1H OCEAN,462800,1,2
-118.43,33.99,2483,548,1212,493,43,4.0189,<1H OCEAN,302900,1,2
-117.75,33.54,8711,1544,3173,1396,21,5.0907,<1H OCEAN,378200,1,2
-118.12,34.11,2787,353,1057,364,52,10.2317,<1H OCEAN,500001,1,2
-118.49,34.24,2707,446,1224,445,35,5.2939,<1H OCEAN,244200,1,2
-119.06,34.62,416,110,436,70,10,2.2222,<1H OCEAN,262500,1,2
-121.43,38.62,1765,438,1008,382,36,2.0639,INLAND,73000,0,0
-121.37,38.62,1743,380,697,368,27,1.6678,INLAND,166100,0,1
-121.79,37.32,2850,561,2160,581,6,5.5336,<1H OCEAN,241900,1,2
-120.35,37.98,1658,301,676,278,4,3.5714,INLAND,149500,0,1
-119.69,36.81,2892,496,1634,501,15,4.4934,INLAND,88000,0,0
-118.21,34.16,434,74,199,75,25,5.9199,<1H OCEAN,420500,1,2
-124.02,40.8,2588,435,1198,442,22,3.9792,<1H OCEAN,133900,0,0
-117.32,34.48,4627,887,2739,846,8,3.0204,INLAND,93100,0,0
-118.52,34.19,1560,275,763,284,37,3.8516,<1H OCEAN,206900,1,1
-118.4,34.13,8262,1156,2712,1125,32,10.5575,<1H OCEAN,500001,1,2
-122.27,37.86,2052,435,924,414,49,2.5417,NEAR BAY,182700,1,1
-122.46,37.7,876,216,713,203,42,3.84,NEAR OCEAN,235900,1,2
-122.05,37.38,1875,340,816,350,29,5.4351,<1H OCEAN,336500,1,2
-121.32,38.62,2430,448,1087,394,29,3.0864,INLAND,177900,0,1
-121.79,37.67,2163,339,947,346,26,6.0797,INLAND,211000,1,1
-122.43,37.76,3771,1017,1575,921,52,3.5655,NEAR BAY,427300,1,2
-118.14,33.78,1898,488,940,483,42,3.4107,NEAR OCEAN,233300,1,1
-116.9,34.25,3018,523,556,244,16,3.5288,INLAND,189700,1,1
-122.7,38.33,1584,295,846,295,26,3.375,<1H OCEAN,156300,0,1
-117.01,32.99,3372,430,1536,448,8,8.4284,<1H OCEAN,378300,1,2
-119.68,34.42,1452,354,1139,340,38,2.707,<1H OCEAN,236800,1,2
-117.93,33.77,3157,582,1842,561,36,4.5833,<1H OCEAN,190700,1,1
-117.05,33.14,4552,1166,2737,1051,16,2.25,<1H OCEAN,136300,0,0
-122.09,37.6,385,94,295,92,36,2.9706,NEAR BAY,147900,0,1
-117.37,33.97,1156,241,877,200,38,1.4514,INLAND,79900,0,0
-117.89,34.12,1470,241,885,246,35,4.9239,<1H OCEAN,168800,0,1
-122.45,37.77,2602,,1330,647,52,3.5435,NEAR BAY,278600,1,2
-117.95,33.74,2768,600,1182,563,16,3.7162,<1H OCEAN,201200,1,1
-122.36,37.54,6184,747,2165,700,23,10.1675,NEAR OCEAN,500001,1,2
-122.71,38.44,988,283,475,242,52,1.3684,<1H OCEAN,258300,1,2
-118,33.76,1876,455,1499,436,26,2.925,<1H OCEAN,176000,0,1
-119.02,35.42,1912,439,1015,413,40,1.4598,INLAND,52600,0,0
-121.81,37.31,1794,366,1533,371,15,5.7843,<1H OCEAN,209900,1,1
-117.16,32.8,1399,329,1308,355,25,2.5682,NEAR OCEAN,187500,1,1
-117.99,33.75,3024,754,2357,743,22,3.3125,<1H OCEAN,191800,1,1
-118.36,34.17,1939,505,1584,466,31,2.5234,<1H OCEAN,199500,1,1
-121.99,36.96,1275,272,451,200,42,4.7321,NEAR OCEAN,422400,1,2
-124.08,41.36,1029,239,509,196,29,2.0156,NEAR OCEAN,62800,0,0
-120.01,38.91,968,191,283,143,27,2.0938,INLAND,94400,0,0
-122.49,37.73,1399,224,530,235,37,3.9219,NEAR OCEAN,433300,1,2
-117.32,33.22,4784,1039,1810,986,15,2.4375,NEAR OCEAN,108900,0,0
-117.79,34.02,18690,2862,9427,2777,5,6.4266,<1H OCEAN,315600,1,2
-117.43,33.98,2634,421,1376,406,21,4.2589,INLAND,152200,0,1
-118.56,34.18,1366,224,719,270,36,4.8264,<1H OCEAN,251000,1,2
-122.03,37.61,1409,271,1002,281,36,3.7262,NEAR BAY,164900,0,1
-121.94,37.75,2559,370,1238,377,17,6.2781,<1H OCEAN,269800,1,2
-117.87,34.12,2059,361,1073,339,33,4.2454,<1H OCEAN,183800,1,1
-123.71,39.88,1518,383,656,303,42,1.4952,NEAR OCEAN,69800,0,0
-119.32,36.32,2409,436,1142,440,29,3.6895,INLAND,87700,0,0
-118.41,34.07,2979,626,1076,571,47,3.9904,<1H OCEAN,500001,1,2
-117.96,33.8,729,131,488,139,30,4.7667,<1H OCEAN,195200,1,1
-117.14,32.72,2533,862,2011,778,34,2.1199,NEAR OCEAN,160400,0,1
-121.28,38.77,3819,550,1738,587,6,5.8718,INLAND,201400,1,1
-118.25,34.23,1954,368,967,370,37,5.0862,<1H OCEAN,261300,1,2
-119.94,38.96,1451,386,467,255,20,1.5536,INLAND,212500,1,1
-117.07,33.11,5565,1237,3004,1139,17,3.0054,<1H OCEAN,142300,0,0
-118.13,34.16,2682,716,2050,692,33,2.4817,<1H OCEAN,169500,0,1
-117.28,34.41,2105,396,960,396,14,2.9934,INLAND,118200,0,0
-122.49,37.77,2342,458,1170,458,52,3.7036,NEAR BAY,369200,1,2
-118.22,33.86,8732,1489,3944,1493,16,5.1948,<1H OCEAN,203500,1,1
-119.76,36.75,1607,383,1407,382,35,2.19,INLAND,53400,0,0
-119.21,34.12,5778,1285,1722,829,15,4.3427,NEAR OCEAN,305800,1,2
-121.18,37.64,1244,209,611,197,43,2.875,INLAND,187500,1,1
-118.18,33.83,1497,277,542,274,44,5.0052,NEAR OCEAN,321800,1,2
-122.63,38.21,2933,461,1283,449,22,6.2034,<1H OCEAN,291100,1,2
-122.19,37.77,1852,393,1132,349,45,2.7159,NEAR BAY,101400,0,0
-119.75,34.45,2864,,1404,603,6,5.5073,NEAR OCEAN,263800,1,2
-123.8,39.44,1533,336,754,340,52,1.9213,<1H OCEAN,95000,0,0
-120.93,38.65,2213,384,1097,351,12,4.5568,INLAND,170100,0,1
-123.48,40.79,619,160,287,104,15,1.9107,INLAND,79200,0,0
-117.56,33.88,1196,294,1052,258,40,2.0682,INLAND,113000,0,0
-120.64,35.26,3298,716,1862,687,21,2.1507,NEAR OCEAN,221500,1,1
-118.18,33.78,1180,381,1046,332,52,1.5603,NEAR OCEAN,162500,0,1
-121.08,37.69,6473,1212,3559,1123,19,3.2246,INLAND,129300,0,0
-121.37,38.01,2430,315,1016,314,15,10.0088,INLAND,242000,1,2
-118.37,34.2,1438,309,1378,306,33,2.8917,<1H OCEAN,170400,0,1
-118.4,33.96,2416,454,1028,409,43,5.6732,<1H OCEAN,330700,1,2
-118.33,33.86,914,176,519,174,38,6.0335,<1H OCEAN,255400,1,2
-121.27,37.96,583,114,310,93,52,2.5625,INLAND,54200,0,0
-122.49,37.79,3146,478,1143,455,52,6.1407,NEAR BAY,500001,1,2
-123.22,39.15,1166,216,504,203,36,3.5938,<1H OCEAN,122100,0,0
-121.93,37.24,2574,414,1096,428,26,6.0738,<1H OCEAN,335900,1,2
-117.66,34.07,2081,409,1008,375,33,2.587,INLAND,138100,0,0
-118.38,33.87,2387,418,1008,415,23,5.8518,<1H OCEAN,337900,1,2
-117.09,32.64,2095,536,1240,550,38,2.7218,NEAR OCEAN,145900,0,1
-122.18,37.88,542,119,231,121,36,4.9,NEAR BAY,354200,1,2
-116.94,33.77,7240,1410,2708,1240,14,2.4145,INLAND,137600,0,0
-120.1,38.91,1561,282,30,11,33,1.875,INLAND,500001,1,2
-122.72,38.44,188,62,301,72,52,0.9437,<1H OCEAN,129200,0,0
-119.34,36.22,2708,460,1260,455,38,3.0905,INLAND,78200,0,0
-118.03,34.14,4353,1117,2338,1037,31,3.0727,INLAND,242600,1,2
-117.72,33.54,4866,812,1909,733,13,4.9821,<1H OCEAN,244800,1,2
-118.31,33.99,2235,433,1363,433,48,1.6559,<1H OCEAN,101400,0,0
-122.3,37.57,1973,352,1169,370,36,5.033,NEAR BAY,270900,1,2
-121.59,37.19,220,32,55,26,52,15.0001,<1H OCEAN,131300,0,0
-122.86,38.44,1534,292,716,288,31,3.4471,<1H OCEAN,209500,1,1
-122.24,37.82,3481,751,1444,718,52,3.9,NEAR BAY,275700,1,2
-122,37.27,1664,271,759,272,33,5.7876,<1H OCEAN,415800,1,2
-116.87,33.76,4116,761,1714,717,5,2.5612,INLAND,130800,0,0
-121.83,37.36,4045,885,3036,845,29,3.1982,<1H OCEAN,171700,0,1
-120.26,38.13,301,94,122,47,17,4.0583,INLAND,87500,0,0
-118.1,33.93,1124,217,707,234,36,4.375,<1H OCEAN,174500,0,1
-121.79,36.68,6912,1513,3794,1455,22,3.0608,<1H OCEAN,168300,0,1
-122.43,37.75,2155,468,962,490,52,3.775,NEAR BAY,325900,1,2
-118.18,33.95,2608,610,2062,616,42,3.5341,<1H OCEAN,167500,0,1
-118.28,34.18,2602,418,1137,419,52,5.3185,<1H OCEAN,358000,1,2
-120.46,34.63,1408,301,682,279,48,2.9271,NEAR OCEAN,146600,0,1
-122.58,38.46,2936,517,1182,501,15,3.3981,<1H OCEAN,246900,1,2
-121.84,38.65,3167,548,1554,534,29,4.3487,INLAND,200700,1,1
-118.26,34.13,3208,1111,2843,1005,25,2.6673,<1H OCEAN,218100,1,1
-118.23,33.96,1977,570,2406,557,42,2.5913,<1H OCEAN,151600,0,1
-117.2,33.2,4409,629,1875,609,16,5.543,<1H OCEAN,286400,1,2
-116.98,33.74,4952,1062,1589,1024,25,1.8446,INLAND,85700,0,0
-117.34,34.12,1008,164,568,196,26,3.3516,INLAND,105600,0,0
-122.49,37.73,1937,336,742,307,39,5.1991,NEAR OCEAN,369400,1,2
-117.96,34.08,1076,338,1242,332,39,2.2679,<1H OCEAN,151800,0,1
-118.68,34.13,11251,1594,3029,1227,9,6.7273,<1H OCEAN,500001,1,2
-121.44,38.5,2033,586,1281,521,20,1.4007,INLAND,97500,0,0
-122.46,37.71,1642,351,1138,340,52,4.1406,NEAR OCEAN,219500,1,1
-116.75,32.85,4863,845,2266,769,17,4.2321,<1H OCEAN,217400,1,1
-117.23,32.8,1297,355,776,337,27,2.4643,NEAR OCEAN,244400,1,2
-122.08,37.71,1663,295,781,301,38,5.0519,NEAR BAY,227000,1,1
-117.64,34.02,4887,930,2637,831,10,4.0611,INLAND,158000,0,1
-117.76,34.13,16759,2274,7249,2156,8,7.4837,INLAND,358700,1,2
-117.33,34.12,933,219,838,211,33,1.3417,INLAND,69000,0,0
-122.04,37.96,1207,252,724,252,28,3.6964,NEAR BAY,165700,0,1
-118.67,34.3,6123,825,2440,736,5,7.9013,<1H OCEAN,393000,1,2
-118.96,35.37,1463,339,1066,318,41,1.7467,INLAND,52400,0,0
-118.26,34.07,2341,703,2371,648,46,2.4038,<1H OCEAN,181700,1,1
-122.19,37.75,1126,263,482,150,36,1.9167,NEAR BAY,82800,0,0
-118.53,34.27,1931,298,948,314,32,5.3847,<1H OCEAN,329200,1,2
-124.16,41.02,1672,385,1060,390,23,2.1726,NEAR OCEAN,75500,0,0
-117.28,34.17,3728,888,1765,727,26,1.7456,INLAND,86800,0,0
-118.13,34.04,1444,312,881,303,40,3.1083,<1H OCEAN,220500,1,1
-118.52,34.29,2272,320,868,312,28,7.7464,<1H OCEAN,474600,1,2
-122.36,37.58,3084,595,1324,571,52,5.0756,NEAR OCEAN,374200,1,2
-122.14,37.42,206,44,134,51,46,4.15,NEAR BAY,265000,1,2
-122.08,37.6,3046,678,2056,628,10,3.9022,NEAR BAY,191700,1,1
-122.27,38.12,5266,1167,3124,1025,42,2.7375,NEAR BAY,120000,0,0
-122.28,37.87,1233,300,571,292,52,2.2788,NEAR BAY,182300,1,1
-118.95,35.38,2220,388,906,373,35,3.5938,INLAND,95200,0,0
-118.29,33.79,3708,1016,2855,948,10,2,<1H OCEAN,165400,0,1
-118.17,33.82,2539,497,1152,488,52,4.1354,NEAR OCEAN,268200,1,2
-118.39,33.92,80,20,61,23,41,5.25,<1H OCEAN,247200,1,2
-118.44,33.88,2020,451,724,399,35,6.6494,NEAR OCEAN,500001,1,2
-117.78,33.88,1800,238,871,234,16,6.6678,<1H OCEAN,301900,1,2
-118.61,34.2,1673,284,794,270,29,5.5191,<1H OCEAN,245800,1,2
-121.32,38.69,13796,2372,6000,2250,11,3.8776,INLAND,124500,0,0
-118.22,34.03,554,214,888,218,45,1.8125,<1H OCEAN,139600,0,0
-121.89,37.66,1565,464,769,461,3,2.1187,INLAND,231300,1,1
-119.25,35.75,1598,443,1658,417,36,1.517,INLAND,52100,0,0
-122.54,38.36,2725,531,1167,458,40,3.7969,<1H OCEAN,202800,1,1
-117.97,33.68,1722,316,865,309,23,4.6452,<1H OCEAN,273800,1,2
-118.4,34.1,3979,510,1351,520,27,15.0001,<1H OCEAN,500001,1,2
-120.43,34.88,2580,381,1149,372,22,5.0113,<1H OCEAN,158600,0,1
-118.2,34.05,1703,586,2490,581,42,2.02,<1H OCEAN,147200,0,1
-117.32,34.14,1691,353,1457,329,32,1.8438,INLAND,66600,0,0
-121.92,36.95,3457,699,1327,563,29,3.6597,NEAR OCEAN,252300,1,2
-121.31,37.96,1112,227,583,216,48,2.3393,INLAND,77600,0,0
-118.48,35.14,8417,1657,4631,1468,4,3.6949,INLAND,115800,0,0
-122.2,37.43,2223,412,1050,417,40,5.2421,NEAR OCEAN,444500,1,2
-122.65,38.97,1856,472,703,292,32,1.1912,INLAND,60000,0,0
-118.2,34.05,2672,675,2883,674,36,2.0885,<1H OCEAN,142800,0,1
-118.85,34.25,5593,732,1992,660,17,7.2965,<1H OCEAN,342900,1,2
-117.66,34.04,3657,695,2079,663,10,4.2054,INLAND,159900,0,1
-119.39,36.55,1669,314,837,325,30,3.3869,INLAND,80400,0,0
-118.1,33.93,1622,302,845,284,35,4.5769,<1H OCEAN,186100,1,1
-117.81,34.12,7063,1176,3100,1112,23,4.8229,INLAND,192600,1,1
-121.45,38.61,2436,612,1509,618,32,1.0424,INLAND,81400,0,0
-118.17,34.03,1636,506,1855,502,43,2.2902,<1H OCEAN,152400,0,1
-120.58,38.77,1661,406,789,319,21,2.3583,INLAND,108700,0,0
-122.4,37.58,3281,,1145,480,26,6.358,NEAR OCEAN,500001,1,2
-119.25,35.78,1927,386,1371,414,35,2.2981,INLAND,69900,0,0
-122.17,37.7,1755,365,952,362,24,4,NEAR BAY,202600,1,1
-118.23,33.99,706,203,839,199,5,4.5208,<1H OCEAN,165000,0,1
-117.91,33.6,2088,510,673,390,37,5.1048,<1H OCEAN,500001,1,2
-121.29,38.59,2460,470,1346,480,19,3.6563,INLAND,95600,0,0
-118.36,34.09,2832,883,1594,843,34,1.7558,<1H OCEAN,312500,1,2
-118.16,33.97,1347,434,1756,438,32,1.9464,<1H OCEAN,190600,1,1
-118.99,35.36,1524,354,1210,344,18,1.1136,INLAND,47800,0,0
-117.88,33.77,2549,355,1044,362,31,6.9737,<1H OCEAN,288800,1,2
-121.74,39.38,2596,435,1100,409,27,2.3243,INLAND,85500,0,0
-122.27,37.84,2224,437,1006,422,52,2.6,NEAR BAY,132600,0,0
-116.97,32.8,3927,1018,2204,977,15,2.4367,<1H OCEAN,111400,0,0
-122.29,38.4,2024,340,844,309,28,4.7833,INLAND,361100,1,2
-121.98,37.33,1907,326,912,313,35,5.9567,<1H OCEAN,294300,1,2
-118.45,34.04,3330,1010,1837,915,19,3.0173,<1H OCEAN,393800,1,2
-119.44,38.53,1963,434,682,273,20,1.5817,INLAND,97800,0,0
-122.56,37.98,2649,542,1111,557,36,4.8056,NEAR BAY,345700,1,2
-118.15,34.12,1789,288,848,311,49,6.0199,<1H OCEAN,500000,1,2
-116.45,32.65,2680,643,1644,516,22,2.1949,INLAND,127100,0,0
-121.83,37.28,1115,250,1168,261,33,3.9009,<1H OCEAN,178600,1,1
-117.12,33.52,30401,4957,13251,4339,4,4.5841,<1H OCEAN,212300,1,1
-118.03,33.78,3554,528,1600,537,25,6.6453,<1H OCEAN,270100,1,2
-122.69,38.46,2970,504,1117,512,32,5,<1H OCEAN,275900,1,2
-122.3,37.9,2263,522,1027,509,38,3.5125,NEAR BAY,224200,1,1
-118.43,34.04,2725,569,1115,516,42,4.5833,<1H OCEAN,427500,1,2
-118.39,34.08,6605,1710,2665,1520,27,3.8088,<1H OCEAN,500001,1,2
-117.25,33.65,1652,316,725,233,10,3.5125,<1H OCEAN,155600,0,1
-117.8,33.52,1152,341,519,225,50,3.053,<1H OCEAN,500001,1,2
-117.14,34.05,2634,359,1173,372,5,6.746,INLAND,204100,1,1
-118.99,35.37,832,198,814,174,36,1.4773,INLAND,57400,0,0
-121.88,37.33,395,164,549,184,41,2.375,<1H OCEAN,175000,0,1
-117.14,32.92,1308,418,766,390,7,3.2151,<1H OCEAN,106300,0,0
-118.72,34.28,3051,,1705,495,17,5.7376,<1H OCEAN,218600,1,1
-117.15,34.07,1852,316,906,298,15,5.3526,INLAND,129800,0,0
-117.01,32.73,2526,530,1556,529,22,2.8646,NEAR OCEAN,120800,0,0
-120,35.91,259,53,131,38,16,3.125,INLAND,62500,0,0
-118.34,34.07,3421,598,1203,564,52,4.1618,<1H OCEAN,500001,1,2
-122.07,37.37,2937,407,1097,407,30,7.9813,NEAR BAY,473500,1,2
-117.24,32.79,1149,266,403,228,17,4.1652,NEAR OCEAN,241700,1,2
-121.57,37.01,1448,393,1066,357,44,2.0625,INLAND,170300,0,1
-118.08,34.08,1889,407,1330,396,38,3.9219,<1H OCEAN,205200,1,1
-121.18,37.96,411,74,193,59,35,2.5625,INLAND,146900,0,1
-118.26,33.78,1239,473,1524,387,35,2.0956,NEAR OCEAN,154700,0,1
-121.67,40.61,2411,463,786,297,8,2.1513,INLAND,80400,0,0
-122.28,37.78,1487,306,730,327,50,2.5139,NEAR BAY,219000,1,1
-122.12,38.01,1738,355,837,363,50,3.609,NEAR BAY,135700,0,0
-117.39,34.1,7184,1516,4862,1235,12,2.4492,INLAND,103800,0,0
-121.92,37.27,3280,569,1583,559,33,4.5625,<1H OCEAN,253500,1,2
-117.65,34.11,2788,370,1140,385,28,5.3368,INLAND,233500,1,1
-117.14,32.91,3014,710,2165,705,14,3.7837,<1H OCEAN,160300,0,1
-121.19,39.05,1131,193,520,178,14,3.9,INLAND,180400,1,1
-121.38,38.67,2176,460,1067,357,37,2.3958,INLAND,78400,0,0
-121.36,38.63,2619,370,940,359,30,4.7283,INLAND,164500,0,1
-121.25,40.27,958,245,28,16,25,2.625,INLAND,67500,0,0
-118.29,33.95,1401,362,1357,327,35,2.0917,<1H OCEAN,99300,0,0
-118.27,34.17,1560,280,825,269,48,5.5118,<1H OCEAN,354700,1,2
-121.33,38.04,1933,280,965,260,15,4.6477,INLAND,142700,0,1
-119.06,34.35,2426,646,2116,631,34,2.0682,<1H OCEAN,158300,0,1
-118.28,34,855,284,890,247,42,1.2778,<1H OCEAN,112500,0,0
-117.34,34.13,1494,286,991,280,29,2.125,INLAND,70600,0,0
-117.18,32.69,3112,716,1304,674,37,3.2121,NEAR OCEAN,320800,1,2
-117.38,34.09,3955,815,2184,725,8,3.3438,INLAND,127600,0,0
-122.46,37.74,2180,326,856,326,52,5.3961,NEAR BAY,416900,1,2
-121.26,38.09,930,186,525,201,35,2.0625,INLAND,155000,0,1
-118.31,34,2709,642,1751,613,52,2.1116,<1H OCEAN,122500,0,0
-119.38,36.55,2342,439,1411,465,31,3.017,INLAND,72000,0,0
-122.49,37.74,2189,433,1147,420,52,3.4583,NEAR OCEAN,321300,1,2
-118.47,33.99,854,235,645,198,33,2.1471,<1H OCEAN,239300,1,2
-117.04,32.58,2029,357,1497,353,20,4.0089,NEAR OCEAN,132100,0,0
-118.26,34.07,1802,613,2382,587,52,1.8438,<1H OCEAN,185900,1,1
-118.46,34.07,2511,456,808,407,43,6.7703,<1H OCEAN,500001,1,2
-122.07,37.69,5914,1309,2999,1295,31,3.0964,NEAR BAY,190500,1,1
-116.52,33.97,3921,754,1902,665,13,3.3616,INLAND,89600,0,0
-118.55,34.27,4919,661,2183,625,25,8.1356,<1H OCEAN,352800,1,2
-117.95,34.07,1987,399,1279,378,37,4.1172,<1H OCEAN,176500,0,1
-118.35,33.89,1143,299,776,273,30,4.2829,<1H OCEAN,240000,1,2
-118.26,34.02,1091,349,1786,340,38,2.131,<1H OCEAN,136500,0,0
-120.27,37.12,1219,258,639,245,36,1.9464,INLAND,57000,0,0
-118.02,33.95,2085,400,1112,391,35,3.4886,<1H OCEAN,173900,0,1
-122.49,37.75,2226,385,1177,416,52,4.8516,NEAR OCEAN,323800,1,2
-117.97,33.89,3801,542,1992,526,15,9.0683,<1H OCEAN,367400,1,2
-118.13,33.97,1736,297,823,292,34,5.4042,<1H OCEAN,241600,1,2
-117.11,32.76,1457,397,672,342,28,1.9799,NEAR OCEAN,122700,0,0
-118.12,34.15,557,216,673,212,19,2.1763,<1H OCEAN,168800,0,1
-123.1,38.79,3109,712,1643,638,20,2.8344,<1H OCEAN,164400,0,1
-118.27,33.94,1309,344,1182,340,43,1.6625,<1H OCEAN,88700,0,0
-120.97,38.91,4341,716,1978,682,7,4.8311,INLAND,172200,0,1
-120.11,36.96,3344,570,1624,536,17,3.8952,INLAND,95300,0,0
-121.3,38.89,1529,317,793,281,45,2.9866,INLAND,91300,0,0
-121.83,37.23,5389,903,2232,825,7,6.6659,<1H OCEAN,500001,1,2
-121.46,38.56,1750,372,764,369,52,2.9191,INLAND,111800,0,0
-117.86,33.75,1761,515,1810,468,31,1.9309,<1H OCEAN,173400,0,1
-116.95,32.77,3308,421,1201,414,25,6.3191,<1H OCEAN,303400,1,2
-117.98,35.1,923,166,352,135,4,4.5724,INLAND,84500,0,0
-118.13,33.91,916,162,552,164,34,4.9107,<1H OCEAN,222000,1,1
-122.49,37.76,1382,230,708,279,52,5.8096,NEAR BAY,339800,1,2
-117.11,32.68,26,14,58,23,36,1.9107,NEAR OCEAN,125000,0,0
-117.28,34.14,2364,438,968,416,40,3.4906,INLAND,93300,0,0
-124.15,40.79,2692,488,1263,486,37,3.0216,NEAR OCEAN,86400,0,0
-118.1,33.92,2017,383,1388,386,35,4.0774,<1H OCEAN,171600,0,1
-117.98,33.65,3592,527,1598,523,22,6.5501,<1H OCEAN,294900,1,2
-117.15,32.76,1921,502,811,472,37,2.75,NEAR OCEAN,175000,0,1
-118.15,34.04,818,195,664,198,33,2.1944,<1H OCEAN,203300,1,1
-117.23,32.73,2914,683,1562,638,35,2.5259,NEAR OCEAN,240200,1,2
-118.45,34.06,3367,1264,2667,1131,20,2.2444,<1H OCEAN,500000,1,2
-121.3,38.69,2135,429,779,432,13,3.6995,INLAND,134900,0,0
-117.69,34.07,3222,559,1970,550,35,3.7083,INLAND,131000,0,0
-117.92,33.62,2038,379,837,381,37,5.2416,<1H OCEAN,471300,1,2
-121.92,36.62,867,199,391,187,52,2.6713,NEAR OCEAN,234600,1,1
-116.98,34.05,2290,312,957,274,6,7.2708,INLAND,316700,1,2
-121.29,36.9,3610,593,1734,559,17,5.8324,INLAND,374200,1,2
-118.42,34.04,1358,272,574,267,52,5.6454,<1H OCEAN,500001,1,2
-122.27,37.51,3996,793,1744,761,39,4.5075,NEAR OCEAN,364900,1,2
-117.43,34.08,4563,1187,2475,1019,13,2.1189,INLAND,121700,0,0
-119.57,36.7,1759,354,899,337,34,2.6823,INLAND,72900,0,0
-122.23,37.78,1420,472,1506,438,43,1.9338,NEAR BAY,112500,0,0
-117.93,33.64,1291,356,1252,373,31,2.7143,<1H OCEAN,185400,1,1
-117.97,33.81,2406,462,1753,456,30,4.485,<1H OCEAN,180600,1,1
-118.29,33.89,2810,614,1578,601,35,3.59,<1H OCEAN,200600,1,1
-121.89,37.3,1604,284,639,278,47,5.8415,<1H OCEAN,283300,1,2
-118.02,33.8,2956,393,1379,429,16,8.4952,<1H OCEAN,359600,1,2
-117.38,34.07,1156,191,910,234,6,4.9091,INLAND,122400,0,0
-117.67,34.06,1592,429,1182,365,26,2.4583,INLAND,110400,0,0
-121.55,38.5,4868,738,2036,750,9,5.7621,INLAND,204600,1,1
-117.35,34.13,3920,570,1862,552,26,3.7286,INLAND,132000,0,0
-116.91,32.83,5203,,2515,862,16,4.105,<1H OCEAN,174400,0,1
-117.23,34.11,1162,221,995,244,22,2.5875,INLAND,81300,0,0
-120.97,37.67,1648,293,792,294,31,2.4,INLAND,121500,0,0
-122.64,38.87,1177,240,519,199,16,1.5739,INLAND,73500,0,0
-117.51,33.88,3044,602,2541,564,24,4.131,INLAND,123800,0,0
-120.65,35.48,2310,471,1341,441,19,3.225,<1H OCEAN,166900,0,1
-117.65,34.1,1688,365,622,322,19,3.6,INLAND,136400,0,0
-117.71,34.07,1840,380,1187,357,31,3.8875,INLAND,129200,0,0
-118.33,34.11,1601,464,784,461,48,3.0642,<1H OCEAN,342900,1,2
-121.65,37.11,6006,914,2915,898,14,5.9356,<1H OCEAN,321700,1,2
-120.96,37.61,3497,887,2467,816,23,1.9444,INLAND,93400,0,0
-124.16,40.79,2148,421,975,430,52,2.2566,NEAR OCEAN,92700,0,0
-119.71,34.42,840,279,488,270,50,2.2097,<1H OCEAN,258300,1,2
-121.61,37.86,1428,287,989,287,30,3.691,INLAND,154400,0,1
-121.3,38.11,5979,1190,2679,1084,5,4.196,INLAND,171700,0,1
-118.3,33.89,2132,565,1369,565,37,3.285,<1H OCEAN,218100,1,1
-122.09,37.11,2637,489,1031,410,32,3.6474,NEAR OCEAN,231600,1,1
-118.24,34.23,1541,280,753,264,42,5.1028,<1H OCEAN,292100,1,2
-118.28,34.07,1072,331,1111,314,41,1.9233,<1H OCEAN,207100,1,1
-122.46,37.63,6728,1382,3783,1310,22,5.0479,NEAR OCEAN,280400,1,2
-119.81,36.8,2806,552,1242,540,29,3.5958,INLAND,88800,0,0
-117.2,33.7,6323,1196,1984,1124,23,2.3276,<1H OCEAN,92400,0,0
-118.24,33.97,1053,263,1354,292,37,2.5833,<1H OCEAN,112500,0,0
-118.85,34.19,2287,320,967,321,27,6.5162,<1H OCEAN,349400,1,2
-118.07,33.99,1204,252,1002,248,41,3.0577,<1H OCEAN,163300,0,1
-118.24,33.9,1079,247,1055,243,35,2.375,<1H OCEAN,93600,0,0
-121.55,39.51,1551,353,684,310,39,2.0357,INLAND,57600,0,0
-119.62,37.33,3389,621,1268,474,7,3.0224,INLAND,147800,0,1
-117.24,33.2,1701,404,989,367,26,2.5119,<1H OCEAN,171700,0,1
-121.65,36.67,1926,556,1717,535,28,1.9385,<1H OCEAN,123200,0,0
-120.47,35.74,4267,785,2065,691,9,3.7303,<1H OCEAN,162700,0,1
-118.39,33.97,993,175,374,180,38,6.2673,<1H OCEAN,357200,1,2
-117.11,32.73,1689,397,1135,366,35,2.3269,NEAR OCEAN,97300,0,0
-122.33,37.98,2850,544,1024,515,3,6.0115,NEAR BAY,175000,0,1
-121.89,37.32,1014,246,952,215,34,2.8864,<1H OCEAN,172500,0,1
-118.45,34.31,1739,358,820,323,9,4.0556,<1H OCEAN,182500,1,1
-118.36,33.9,1271,276,725,234,40,5.0452,<1H OCEAN,231900,1,1
-118.54,34.21,2593,566,1596,547,32,3.9886,<1H OCEAN,199200,1,1
-124.06,40.86,4183,,1891,669,34,3.2216,NEAR OCEAN,98100,0,0
-118.1,33.89,994,203,602,185,35,3.5865,<1H OCEAN,178000,0,1
-118.31,34.1,766,347,918,305,33,1.705,<1H OCEAN,350000,1,2
-118.25,34.09,1866,470,1211,417,52,2.935,<1H OCEAN,189400,1,1
-118.1,33.96,2013,435,1476,475,36,3.9549,<1H OCEAN,192100,1,1
-121.96,37.23,4423,632,1719,608,36,7.8407,<1H OCEAN,476400,1,2
-118.45,34.32,3481,641,1952,682,23,4.26,<1H OCEAN,189400,1,1
-122.43,37.75,3521,767,1415,687,52,4.875,NEAR BAY,362200,1,2
-120.4,34.85,2384,385,1323,400,26,4.8185,<1H OCEAN,157900,0,1
-118.19,33.91,2695,748,2935,706,35,2.0134,<1H OCEAN,132400,0,0
-121.85,37.33,735,158,597,134,19,4.5208,<1H OCEAN,188100,1,1
-117.15,32.78,1577,266,611,284,25,5.25,NEAR OCEAN,205100,1,1
-121.37,38.68,1620,276,939,277,35,2.5542,INLAND,72900,0,0
-117.34,34.16,1606,354,1049,335,31,2.1935,INLAND,72700,0,0
-117.86,33.79,3523,922,2660,949,31,3.1792,<1H OCEAN,146400,0,1
-118.22,34.13,2983,526,1614,543,35,5.7794,<1H OCEAN,272400,1,2
-122.27,37.85,1375,307,843,319,47,1.3785,NEAR BAY,142300,0,0
-118.1,34.02,1143,172,508,174,33,4.9107,<1H OCEAN,279900,1,2
-117.82,33.78,4485,667,2048,685,28,5.4562,<1H OCEAN,274700,1,2
-118.42,33.92,3521,852,1524,764,25,3.8086,<1H OCEAN,361300,1,2
-120.87,37.6,4579,914,2742,856,32,2.6619,INLAND,86200,0,0
-118.13,33.93,2040,458,1775,445,38,3.5227,<1H OCEAN,202400,1,1
-118.26,33.91,967,256,903,256,39,1.9038,<1H OCEAN,93100,0,0
-118.41,34.18,2008,513,1052,496,30,3.0119,<1H OCEAN,262200,1,2
-118.02,34.1,1928,361,1008,368,36,4.733,INLAND,233700,1,1
-121.45,38.57,1962,356,704,362,48,3.5313,INLAND,147900,0,1
-118.36,33.96,1849,518,1498,451,25,2.8378,<1H OCEAN,170000,0,1
-117.38,33.89,3964,524,1707,549,12,5.1624,INLAND,267900,1,2
-117.05,32.62,3928,686,2315,681,34,4.2851,NEAR OCEAN,144500,0,1
-122.71,38.4,1690,464,833,445,17,1.439,<1H OCEAN,140600,0,0
-117.03,34.87,2245,407,1016,364,7,3.9464,INLAND,101500,0,0
-121.76,36.92,947,257,1120,264,46,3.4125,<1H OCEAN,160700,0,1
-122.26,37.83,1125,322,616,304,50,2.026,NEAR BAY,142500,0,0
-122.26,38.36,1821,344,349,179,25,6.9931,INLAND,398800,1,2
-121.63,39.13,2355,531,1047,497,26,1.8208,INLAND,79500,0,0
-121.2,37.81,395,74,193,72,26,7.3718,INLAND,212500,1,1
-120.06,36.95,646,134,454,149,24,2.125,INLAND,61900,0,0
-121.45,38.53,1746,388,1142,315,38,1.7714,INLAND,69900,0,0
-118.3,33.97,1425,317,1140,304,46,3.375,<1H OCEAN,98500,0,0
-121.64,39.74,1808,334,763,335,20,2.3711,INLAND,121800,0,0
-120.99,37.63,319,120,276,85,21,2.4792,INLAND,60000,0,0
-119.81,36.78,2281,371,839,367,52,3.5972,INLAND,89900,0,0
-117.89,33.61,1790,361,540,284,41,6.0247,<1H OCEAN,500001,1,2
-118.35,34.06,1354,279,716,309,48,3.7167,<1H OCEAN,385000,1,2
-117.07,33.07,2756,343,1045,340,8,8.5957,<1H OCEAN,444100,1,2
-118.22,34.21,2174,418,1030,395,29,3.5707,<1H OCEAN,341700,1,2
-117.11,32.8,3890,586,2791,595,17,3.2197,NEAR OCEAN,67500,0,0
-117.97,34.15,2474,472,1268,437,33,6.4576,INLAND,500001,1,2
-122.41,37.66,1385,356,1096,353,32,4.475,NEAR OCEAN,246700,1,2
-117.11,32.78,2470,830,1170,724,16,3.5562,NEAR OCEAN,73500,0,0
-122.26,37.98,2038,329,947,349,28,5.1178,NEAR BAY,198000,1,1
-121.92,37.33,2125,382,930,387,52,5.2831,<1H OCEAN,299500,1,2
-122.16,37.76,1827,307,881,302,46,4.6696,NEAR BAY,164300,0,1
-117.26,34.17,1937,351,945,344,30,3.8906,INLAND,123700,0,0
-121.78,38.67,2948,478,1123,460,38,4.0556,INLAND,146900,0,1
-120.45,34.94,1058,232,891,243,26,3.6422,<1H OCEAN,120600,0,0
-117.08,32.91,1653,228,690,224,16,6.5853,<1H OCEAN,248400,1,2
-117.95,34.05,1309,276,1113,253,35,4.375,<1H OCEAN,156500,0,1
-118.34,33.91,3724,1023,2536,971,17,3.2649,<1H OCEAN,202100,1,1
-122.24,38.11,1743,388,889,341,42,2.3241,NEAR BAY,99200,0,0
-120.46,34.64,686,217,614,200,16,0.8106,NEAR OCEAN,83300,0,0
-121.33,38.56,3608,682,1694,666,17,3.311,INLAND,109400,0,0
-117.9,34.06,1701,290,831,275,33,5.4469,<1H OCEAN,274700,1,2
-117.87,33.85,45,11,34,10,33,5.2949,<1H OCEAN,350000,1,2
-122.24,37.75,4051,753,1499,797,27,4.8711,NEAR BAY,286600,1,2
-120.65,38.5,1783,337,638,262,10,2.65,INLAND,116700,0,0
-122.28,37.84,729,160,395,155,52,1.6875,NEAR BAY,132000,0,0
-117.06,32.77,1730,373,730,350,34,2.0284,NEAR OCEAN,161800,0,1
-119.6,36.57,2311,439,1347,436,42,2.5556,INLAND,69700,0,0
-119.65,36.35,1745,266,837,292,21,4.3911,INLAND,107900,0,0
-122.7,39.14,532,111,214,62,13,3.3929,INLAND,108300,0,0
-121.34,38.57,5737,1008,2731,983,14,4.4602,INLAND,134500,0,0
-118.02,34.14,1077,257,478,199,34,2.6316,INLAND,252800,1,2
-121.23,37.81,2906,537,1886,557,15,4.2431,INLAND,137100,0,0
-117.31,33.1,2392,446,747,421,15,3.5341,NEAR OCEAN,500001,1,2
-117.87,33.84,3381,729,1584,636,10,5.3812,<1H OCEAN,235400,1,2
-122.53,37.86,1183,196,628,205,38,3.75,NEAR BAY,478600,1,2
-122.07,37.58,1606,240,1117,268,16,6.0661,NEAR BAY,247000,1,2
-122.4,37.72,1948,413,1434,396,40,3.0313,NEAR BAY,219100,1,1
-118.31,33.89,2144,423,1192,417,35,4.1458,<1H OCEAN,231500,1,1
-118.3,33.85,123,36,142,40,38,2.3942,<1H OCEAN,200000,1,1
-120.99,37.64,683,189,459,195,50,1.8162,INLAND,70000,0,0
-118.3,34.05,1453,588,1987,589,34,2.096,<1H OCEAN,187500,1,1
-117.23,33.21,544,108,348,127,34,4.125,<1H OCEAN,164600,0,1
-121.9,36.6,2461,649,1234,601,33,2.8727,NEAR OCEAN,225000,1,1
-118.27,33.8,4698,902,3287,881,28,4.8508,<1H OCEAN,215900,1,1
-120.74,39.82,1955,398,294,122,9,3.9583,INLAND,126500,0,0
-122.32,37.56,2016,299,691,288,49,5.549,NEAR OCEAN,500001,1,2
-121.86,37.37,8162,2124,8793,2086,15,3.3306,<1H OCEAN,210300,1,1
-117.21,34.22,5454,1053,1408,504,31,5,INLAND,161100,0,1
-118.62,34.17,3268,538,1463,519,34,6.8482,<1H OCEAN,308300,1,2
-121.22,38.67,1412,226,700,227,20,4.05,INLAND,130700,0,0
-118.29,34.26,3177,713,1845,612,33,4.008,<1H OCEAN,191100,1,1
-118.02,33.95,1705,299,871,296,36,4.6184,<1H OCEAN,179800,1,1
-117.71,33.64,2945,356,1293,335,14,8.111,<1H OCEAN,308900,1,2
-122.49,37.76,1724,295,795,297,49,4.3977,NEAR BAY,353600,1,2
-122.63,38.96,2507,577,1072,457,20,2.3083,INLAND,60200,0,0
-122.14,37.75,1334,200,579,202,33,6.8323,NEAR BAY,255900,1,2
-117.9,33.72,2613,562,3150,543,33,4.3899,<1H OCEAN,180700,1,1
-118.12,34.14,2337,352,981,328,52,5.8692,<1H OCEAN,490400,1,2
-122.92,39.08,341,64,146,57,24,4,INLAND,166300,0,1
-121.36,38.42,3254,465,1168,345,6,5.1811,INLAND,188400,1,1
-118.05,34.08,1572,427,1857,428,30,2.4914,<1H OCEAN,159200,0,1
-117.88,34.12,2029,351,1327,364,36,4.1836,<1H OCEAN,164300,0,1
-122.03,37.91,5438,871,2310,890,29,5.0362,NEAR BAY,275300,1,2
-117.27,34.42,5643,1005,3166,957,9,3.2077,INLAND,93300,0,0
-117.98,33.8,2114,341,1077,343,35,5.4876,<1H OCEAN,227500,1,1
-117.02,32.73,5201,865,3280,817,22,4.7952,NEAR OCEAN,141400,0,0
-118.25,34.07,764,322,1275,306,43,2,<1H OCEAN,175000,0,1
-117.98,33.78,2825,546,1908,563,31,3.9798,<1H OCEAN,187500,1,1
-121.86,36.6,1044,285,762,301,31,3.038,<1H OCEAN,195300,1,1
-122.49,37.75,2181,419,1041,379,48,3.7361,NEAR OCEAN,320200,1,2
-118.38,34.15,2933,619,1115,579,36,4.3036,<1H OCEAN,365900,1,2
-122.18,37.15,1457,289,591,235,17,5.5785,NEAR OCEAN,284100,1,2
-122.45,37.91,2682,382,935,369,27,10.0791,NEAR BAY,500001,1,2
-118.11,33.85,2418,389,1138,387,36,4.8393,<1H OCEAN,216300,1,1
-118.04,33.87,4626,822,2794,763,18,5.6917,<1H OCEAN,275100,1,2
-122.35,37.91,2851,798,1285,712,4,4.2895,NEAR BAY,186800,1,1
-120.97,37.64,2359,504,1131,480,42,2.0833,INLAND,95500,0,0
-117.96,33.87,890,289,416,200,27,3.141,<1H OCEAN,167500,0,1
-119.03,35.41,1808,435,1005,373,41,1.7857,INLAND,54300,0,0
-119.29,34.44,4314,878,2361,831,34,3.2279,NEAR OCEAN,243100,1,2
-121.46,38.56,1878,393,722,381,52,3.3348,INLAND,122800,0,0
-118.34,34.03,1927,561,1349,508,47,1.3444,<1H OCEAN,125000,0,0
-118.03,33.97,2149,527,1359,481,36,2.824,<1H OCEAN,167900,0,1
-121.89,37.35,1668,380,1143,365,44,3.2083,<1H OCEAN,181900,1,1
-117.78,33.89,9729,1210,4160,1214,7,8.9088,<1H OCEAN,415300,1,2
-117.07,32.63,1706,322,796,303,40,3.5583,NEAR OCEAN,154900,0,1
-121.45,38.54,3421,734,1441,727,48,1.9485,INLAND,86600,0,0
-118.37,34.08,3008,938,1224,816,22,3.2149,<1H OCEAN,300000,1,2
-118.01,33.79,2663,430,1499,403,23,5.7837,<1H OCEAN,258000,1,2
-117.44,33.93,1577,272,880,284,34,4.6327,INLAND,116000,0,0
-119.9,36.94,2513,408,1360,415,11,4.277,INLAND,98500,0,0
-120.41,34.96,2712,428,1116,415,9,4.5536,<1H OCEAN,190100,1,1
-118.16,33.77,3235,769,1284,752,38,2.9384,NEAR OCEAN,304100,1,2
-118.38,33.97,2715,458,1151,434,43,7.4897,<1H OCEAN,362600,1,2
-120.93,37.74,1956,402,1265,397,37,2.3023,INLAND,91900,0,0
-122.14,37.9,5738,746,2099,732,32,10.3224,NEAR BAY,500001,1,2
-121.29,38.68,1881,378,921,360,20,1.8589,INLAND,144000,0,1
-118.1,34.01,1436,298,1005,298,42,3.4297,<1H OCEAN,195800,1,1
-119.69,36.83,1098,,726,224,32,1.4913,INLAND,54600,0,0
-118.33,33.9,6603,1984,5546,1745,21,2.6091,<1H OCEAN,163900,0,1
-118.35,34.1,7432,2793,3596,2270,18,2.8036,<1H OCEAN,225000,1,1
-118.98,36.06,2043,443,1497,417,33,2.343,INLAND,47400,0,0
-120.45,34.65,2253,382,1197,384,27,3.3203,NEAR OCEAN,134700,0,0
-117.97,33.94,1928,360,1056,366,35,4.0893,<1H OCEAN,215700,1,1
-121.96,37.06,1321,224,650,206,16,6.3258,NEAR OCEAN,390000,1,2
-121.06,37.7,9374,1847,4827,1722,7,3.462,INLAND,151900,0,1
-118.39,34.17,3345,818,1599,773,26,3.3516,<1H OCEAN,241500,1,2
-117.12,32.69,1082,294,1146,265,37,2.0673,NEAR OCEAN,88500,0,0
-121.4,38.55,2497,494,748,442,19,2.925,INLAND,142400,0,0
-119.11,36.21,1972,455,1469,442,10,1.5407,INLAND,58400,0,0
-118.28,33.96,1604,399,1581,387,42,1.7656,<1H OCEAN,96700,0,0
-117.63,33.65,3580,491,1688,467,10,7.7814,<1H OCEAN,288700,1,2
-117.91,33.65,1589,421,1118,394,19,4.1029,<1H OCEAN,213400,1,1
-118.44,34.03,1193,205,488,224,37,3.625,<1H OCEAN,357600,1,2
-122.04,37.9,5467,1044,2310,963,20,5.6986,NEAR BAY,275800,1,2
-118.27,33.78,3354,1174,4426,1110,21,2.5262,<1H OCEAN,167300,0,1
-122.29,37.86,1665,404,815,372,52,1.9946,NEAR BAY,156900,0,1
-122.19,37.73,1066,253,825,244,44,2.1538,NEAR BAY,79700,0,0
-121.27,38.66,2642,520,1032,475,15,4.1382,INLAND,189800,1,1
-122.08,37.87,2405,564,680,531,26,2.4896,NEAR BAY,73400,0,0
-122.27,37.24,2762,593,1581,502,30,5.1002,NEAR OCEAN,319400,1,2
-119.8,36.76,2224,418,832,406,52,2.3952,INLAND,78400,0,0
-117.81,33.74,2696,649,1908,626,24,3.3047,<1H OCEAN,216900,1,1
-117.28,33.2,1472,261,1012,285,11,4.21,NEAR OCEAN,175600,0,1
-121.02,37.62,1721,399,1878,382,30,2.5363,INLAND,83900,0,0
-118.28,33.95,2044,538,2150,524,40,2.1437,<1H OCEAN,94800,0,0
-117.24,33.11,3487,545,1410,557,10,6.0336,NEAR OCEAN,240300,1,2
-122.07,37.64,5861,1516,5436,1463,22,2.5158,NEAR BAY,134900,0,0
-118.25,33.99,2215,544,2054,480,41,1.5272,<1H OCEAN,100300,0,0
-121.32,38.64,8501,1558,3576,1467,19,3.6523,INLAND,158500,0,1
-117.29,33.18,821,176,436,168,17,3.1667,NEAR OCEAN,160600,0,1
-117.22,33.66,1869,356,1007,323,12,3.125,<1H OCEAN,117200,0,0
-120.94,40.14,3127,664,1345,580,31,1.5774,INLAND,58000,0,0
-116.99,32.76,3833,595,1645,589,21,4.625,<1H OCEAN,273500,1,2
-118.14,34.13,4438,803,1650,741,49,5.1072,<1H OCEAN,479700,1,2
-117.14,32.74,6075,1816,2592,1634,16,2.5553,NEAR OCEAN,178100,0,1
-121,37.6,4412,925,3116,817,22,2.6899,INLAND,82100,0,0
-120.41,37.16,1684,341,1052,312,21,2.0809,INLAND,95800,0,0
-118.3,33.94,3504,862,2521,836,36,2.5679,<1H OCEAN,114900,0,0
-117.9,33.63,4486,554,1598,549,26,10.1454,<1H OCEAN,500001,1,2
-118.15,33.93,1948,433,1128,429,25,3.7614,<1H OCEAN,255900,1,2
-119.69,34.41,1208,357,603,297,44,2.6103,<1H OCEAN,500000,1,2
-117.26,33.06,2660,352,1226,366,11,7.6832,NEAR OCEAN,319800,1,2
-117.18,32.68,1539,344,556,289,29,3.25,NEAR OCEAN,500001,1,2
-117.09,32.56,864,156,626,172,8,4.8984,NEAR OCEAN,151500,0,1
-122.41,37.8,812,252,629,247,52,2.5875,NEAR BAY,500001,1,2
-121.92,37.45,3937,1054,2032,1002,10,3.2617,<1H OCEAN,252200,1,2
-122.3,37.87,3123,749,1695,684,52,2.2208,NEAR BAY,144800,0,1
-118.18,33.79,1255,360,1201,318,20,1.2206,NEAR OCEAN,162500,0,1
-117.67,33.56,3289,728,1345,632,4,4.6863,<1H OCEAN,184400,1,1
-122.28,37.85,1130,244,607,239,49,2.4597,NEAR BAY,93800,0,0
-122.24,37.86,1668,225,517,214,52,7.8521,NEAR BAY,500001,1,2
-118.19,33.95,1368,309,1244,312,41,3.0833,<1H OCEAN,164800,0,1
-119.03,35.42,2952,598,1491,568,38,2.6094,INLAND,67900,0,0
-118.12,34.18,2344,513,1537,481,47,3.4777,INLAND,230600,1,1
-117.66,33.64,3173,501,1555,520,17,6.7079,<1H OCEAN,250800,1,2
-117.69,34.06,1881,433,1337,417,25,2.5536,INLAND,144000,0,1
-118.67,34.16,16544,2206,6214,2118,17,9.1228,<1H OCEAN,500001,1,2
-118.42,33.93,4603,993,2191,943,28,4.5743,<1H OCEAN,382200,1,2
-117.92,33.82,2360,405,1479,386,36,4.3583,<1H OCEAN,187200,1,1
-122.2,37.48,733,155,652,140,41,5.1654,NEAR BAY,233600,1,1
-116.32,34.1,4256,861,1403,686,10,2.6618,INLAND,81000,0,0
-119.78,36.76,1343,322,1063,342,50,1.75,INLAND,49800,0,0
-122.95,39.13,380,69,225,72,17,3.25,INLAND,137500,0,0
-121.99,37.36,2677,644,1469,633,33,3.2048,<1H OCEAN,261800,1,2
-118.22,33.9,1007,260,1112,238,30,1.7262,<1H OCEAN,115600,0,0
-118.14,33.86,1703,325,845,308,36,5.0106,<1H OCEAN,210800,1,1
-118.28,33.74,1853,556,2090,539,44,1.8584,NEAR OCEAN,248100,1,2
-118.34,33.93,1254,399,1281,386,32,2.2976,<1H OCEAN,155700,0,1
-121.67,39.14,2264,390,1056,403,22,3.6111,INLAND,112300,0,0
-121.4,38.61,1994,347,782,355,37,4.1488,INLAND,136400,0,0
-118.36,34.08,3110,764,1557,763,40,1.9937,<1H OCEAN,367100,1,2
-117.24,32.75,2831,669,1279,660,36,2.9896,NEAR OCEAN,252700,1,2
-122.19,37.77,2170,428,1086,425,52,3.3715,NEAR BAY,143900,0,1
-117.33,33.23,1905,416,1258,388,15,3.33,NEAR OCEAN,127900,0,0
-115.6,32.87,1629,317,1005,312,3,4.1293,INLAND,83200,0,0
-118.09,34.03,3797,597,2043,614,27,5.5,<1H OCEAN,276800,1,2
-118.02,34.06,2929,970,3792,817,26,2.2577,<1H OCEAN,173800,0,1
-118.18,34.22,1983,298,853,271,40,5.9845,<1H OCEAN,241700,1,2
-120.95,38.69,3421,563,1689,545,10,5.2032,INLAND,217100,1,1
-118.08,33.89,2131,435,2045,426,33,4,<1H OCEAN,145700,0,1
-118.2,34.04,1249,307,1223,297,52,2.07,<1H OCEAN,136300,0,0
-119.83,36.8,6101,1200,3407,1134,16,3.125,INLAND,80800,0,0
-117.32,33.51,966,133,311,92,4,5.2066,<1H OCEAN,500001,1,2
-118.28,34.08,1618,522,1454,440,42,3.1607,<1H OCEAN,182000,1,1
-118.55,34.28,8879,,3468,1200,16,8.1125,<1H OCEAN,428600,1,2
-121.61,37.03,6529,1010,3071,977,5,5.6754,<1H OCEAN,298500,1,2
-120.69,35.62,3044,652,1456,608,43,2.4567,<1H OCEAN,140000,0,0
-119.71,34.4,1846,358,748,329,36,4.2283,NEAR OCEAN,326800,1,2
-119.83,36.71,355,81,233,75,43,2.4167,INLAND,73900,0,0
-121.62,36.74,1337,253,838,247,30,5.0374,<1H OCEAN,165400,0,1
-119.26,36.61,560,90,310,113,33,2.5417,INLAND,118800,0,0
-122.38,40.56,2281,408,1164,420,23,3.5347,INLAND,101200,0,0
-121.99,39.15,6440,1204,3266,1142,17,2.7137,INLAND,72000,0,0
-115.57,32.78,2321,367,1173,360,29,4.0375,INLAND,86400,0,0
-122.23,39.75,2026,396,1031,382,16,1.9375,INLAND,73100,0,0
-118.09,34.11,1883,275,764,289,45,6.5078,<1H OCEAN,414800,1,2
-121.35,38.68,7923,1558,3789,1473,18,3.5403,INLAND,98600,0,0
-123.2,39.14,1620,396,878,399,17,1.8042,<1H OCEAN,109200,0,0
-118.33,33.99,2224,550,1598,545,43,2.8274,<1H OCEAN,122500,0,0
-116.95,33.76,6890,1702,3141,1451,10,1.7079,INLAND,95900,0,0
-121.99,37.96,3324,479,1470,461,16,7.6166,INLAND,260400,1,2
-117.1,32.83,1049,154,467,160,16,6.2047,<1H OCEAN,248100,1,2
-117.97,33.83,2035,564,1118,503,16,3.2546,<1H OCEAN,187500,1,1
-118.27,33.95,1529,358,1154,357,39,1.2091,<1H OCEAN,97900,0,0
-122.25,37.49,2607,477,1225,461,43,4.224,NEAR OCEAN,349600,1,2
-117.17,32.81,3064,506,1355,488,33,4.22,NEAR OCEAN,178700,1,1
-122.29,37.55,3789,874,2243,866,27,4.39,NEAR OCEAN,270100,1,2
-121.79,37.33,3611,614,2381,642,18,5.6345,<1H OCEAN,231000,1,1
-119.42,35.19,890,172,483,170,26,4.15,INLAND,68200,0,0
-118.49,34.03,4949,1293,1985,1244,31,4.252,<1H OCEAN,436700,1,2
-122.13,37.67,1748,318,914,317,40,3.8676,NEAR BAY,184000,1,1
-117.25,34.07,3067,706,2140,687,21,2.4432,INLAND,78800,0,0
-120.9,35.69,5020,909,2105,796,14,3.8158,<1H OCEAN,248700,1,2
-124.02,40.72,3513,634,1658,598,28,3.8095,<1H OCEAN,119900,0,0
-118.25,34.16,5131,1436,2690,1371,24,2.5668,<1H OCEAN,280000,1,2
-122.65,38.24,1948,310,922,313,24,4.95,<1H OCEAN,243600,1,2
-118.18,34.05,616,196,814,180,41,3.3333,<1H OCEAN,115100,0,0
-121.47,41.12,2737,512,1168,442,22,2.83,INLAND,88700,0,0
-122.04,37.99,2765,495,1478,441,36,4.125,NEAR BAY,136200,0,0
-117.91,34.02,5973,1384,4349,1229,17,3.2799,<1H OCEAN,199300,1,1
-118.25,34,1176,309,1267,292,36,1.6382,<1H OCEAN,105000,0,0
-122.69,38.44,1449,281,636,295,40,2.7222,<1H OCEAN,161200,0,1
-120.8,37.61,918,154,469,139,30,3.9688,INLAND,175000,0,1
-122.45,37.72,1729,319,890,300,52,4.3036,NEAR BAY,261800,1,2
-122.43,37.79,3312,1095,1475,997,50,2.7165,NEAR BAY,500001,1,2
-118.32,33.8,3254,717,1593,680,29,4.0536,<1H OCEAN,285800,1,2
-118.25,34.07,4297,1420,4332,1286,18,2.2545,<1H OCEAN,192500,1,1
-116.9,33.93,3183,738,1820,647,34,2.2321,INLAND,71800,0,0
-119.14,35.76,735,137,421,113,30,2.5625,INLAND,156300,0,1
-121.7,37.93,2005,405,972,403,19,2.2216,INLAND,156700,0,1
-119.71,34.45,2183,363,988,351,35,5.5922,<1H OCEAN,384400,1,2
-116.91,32.73,4630,624,2048,575,8,6.4745,<1H OCEAN,300300,1,2
-118.19,34.11,1158,309,1051,322,38,2.286,<1H OCEAN,169300,0,1
-118.13,34.2,1213,206,529,231,45,5.6629,INLAND,234000,1,1
-118.2,34.04,1894,408,1629,379,47,3.7619,<1H OCEAN,127600,0,0
-117.93,33.75,1380,339,1472,304,24,4.2219,<1H OCEAN,162800,0,1
-116.48,33.8,3004,615,437,210,15,3.6667,INLAND,90000,0,0
-117.25,34.51,3200,477,1522,470,7,4.6914,INLAND,142200,0,0
-120.46,37.31,3170,572,1524,565,26,3.48,INLAND,95300,0,0
-117.85,33.79,2102,403,898,365,52,3.6827,<1H OCEAN,236800,1,2
-117.09,32.77,3062,,1263,539,31,3.0875,NEAR OCEAN,291500,1,2
-118.36,33.96,3543,,2742,951,26,2.5504,<1H OCEAN,151300,0,1
-118.3,34.05,1612,650,2028,593,44,1.9152,<1H OCEAN,115600,0,0
-118.32,33.87,2380,404,1212,422,35,5.6254,<1H OCEAN,283800,1,2
-117.69,34.13,2915,371,1271,354,8,7.9627,INLAND,345400,1,2
-117.82,33.74,2720,680,1559,631,25,3.0958,<1H OCEAN,137800,0,0
-121.85,36.6,2381,701,1264,659,21,2.5372,<1H OCEAN,218000,1,1
-121.35,38.55,2607,411,1216,407,22,5.0427,INLAND,126900,0,0
-117.19,33.14,3652,923,1677,728,12,2.3267,<1H OCEAN,92000,0,0
-117.4,33.9,1263,178,508,180,32,3.6667,INLAND,314100,1,2
-121.44,38.64,1678,367,971,307,25,1.0398,INLAND,62100,0,0
-121.43,38.69,927,165,542,148,28,2.5,INLAND,96200,0,0
-121.98,38.36,2434,630,1538,574,24,2.1067,INLAND,101100,0,0
-117.34,34.14,1834,393,1198,348,37,2.225,INLAND,81600,0,0
-117.93,33.91,1698,297,676,273,24,5.2017,<1H OCEAN,364600,1,2
-117.03,32.96,3424,698,1940,645,16,4.121,<1H OCEAN,182100,1,1
-118.12,33.96,1426,235,698,240,36,4.8523,<1H OCEAN,267300,1,2
-121.98,37.26,2331,461,1178,447,27,4.6654,<1H OCEAN,340700,1,2
-122,37.06,2403,376,1149,369,20,6.0621,NEAR OCEAN,304400,1,2
-122.08,37.68,3051,685,1479,668,15,3.5295,NEAR BAY,242200,1,2
-122.1,37.93,10212,1424,4083,1374,20,8.039,NEAR BAY,382200,1,2
-122.04,36.98,1076,206,495,201,51,2.9286,NEAR OCEAN,258300,1,2
-121.95,37.27,1330,271,408,258,17,1.7171,<1H OCEAN,181300,1,1
-117.22,32.87,3512,807,1835,792,14,3.35,NEAR OCEAN,171000,0,1
-123.79,39.44,2290,482,1201,479,49,3.5,<1H OCEAN,113300,0,0
-121.87,37.27,3298,451,1542,423,16,6.7064,<1H OCEAN,305600,1,2
-118.16,34.13,4003,647,1337,631,36,7.723,<1H OCEAN,500001,1,2
-120.95,37.65,136,20,72,22,37,2.2279,INLAND,225000,1,1
-118.35,34.09,2234,689,1334,662,35,2.5444,<1H OCEAN,236100,1,2
-121.88,38,721,117,367,129,22,5.3098,INLAND,151900,0,1
-118.16,34.18,1870,389,1345,391,44,1.8932,<1H OCEAN,136100,0,0
-121.78,38.68,3766,847,1855,817,43,2.3468,INLAND,119400,0,0
-121.34,38.66,4164,963,2032,898,18,2.119,INLAND,133100,0,0
-119.02,35.38,346,92,129,63,48,1.1875,INLAND,63800,0,0
-117.66,34.07,2454,511,1165,504,37,2.9474,INLAND,139600,0,0
-121.97,37.55,4924,1247,3080,1182,17,3.168,<1H OCEAN,189400,1,1
-118.08,34.01,1248,322,1282,326,36,3.2031,<1H OCEAN,147600,0,1
-121.96,37.34,2001,402,942,375,42,4.4453,<1H OCEAN,255400,1,2
-117.99,33.7,2017,357,1063,369,25,4.0345,<1H OCEAN,229400,1,1
-117.27,34.13,1298,254,793,268,40,3.0721,INLAND,83800,0,0
-118.22,33.94,928,249,1108,236,41,3.4323,<1H OCEAN,144600,0,1
-118.5,34.17,880,,369,155,37,4.1429,<1H OCEAN,303600,1,2
-118.48,34.2,3831,1083,2258,967,12,2.4375,<1H OCEAN,255400,1,2
-121.89,37.31,2986,627,1399,613,47,3.7455,<1H OCEAN,247400,1,2
-121.87,37.33,3137,685,2048,651,37,3.0156,<1H OCEAN,270300,1,2
-122.89,38.93,1214,247,504,223,20,2.7188,<1H OCEAN,105700,0,0
-121.94,38.41,1263,211,665,208,15,4.5,INLAND,260900,1,2
-121.8,37.31,2630,446,1789,389,21,5.0543,<1H OCEAN,232000,1,1
-122.11,38.01,1313,306,575,231,39,3.1711,NEAR BAY,116100,0,0
-119.87,36.93,1429,209,702,205,13,4.3625,INLAND,111800,0,0
-118.46,34.26,1394,254,761,262,36,4.9485,<1H OCEAN,217100,1,1
-122.01,37.4,1297,297,441,282,24,3.1439,<1H OCEAN,47500,0,0
-118.15,33.96,1471,451,2272,482,33,2.5385,<1H OCEAN,160900,0,1
-117.95,33.84,1378,492,1202,448,32,3.4028,<1H OCEAN,183700,1,1
-118.33,33.79,4389,873,2069,901,29,4.1071,<1H OCEAN,365600,1,2
-118.7,34.24,2405,462,1011,378,28,4.504,<1H OCEAN,204300,1,1
-122.42,37.76,1190,400,1270,332,52,2.0329,NEAR BAY,225000,1,1
-117.96,33.88,3578,461,1588,466,25,6.2556,<1H OCEAN,341300,1,2
-117.93,34.04,1336,239,905,253,30,4.8854,<1H OCEAN,178100,0,1
-118.85,34.21,2195,414,1360,401,29,3.4773,<1H OCEAN,206700,1,1
-122.21,37.79,1745,409,1143,386,35,2.875,NEAR BAY,143800,0,1
-119.26,34.27,1972,382,1029,411,36,3.7337,NEAR OCEAN,209000,1,1
-118.26,33.98,762,206,854,188,43,1.2315,<1H OCEAN,98200,0,0
-118.33,34.08,1777,454,671,439,52,3.5083,<1H OCEAN,500001,1,2
-118.25,34.02,1368,486,2239,461,35,1.913,<1H OCEAN,114300,0,0
-118.66,34.18,6612,857,2519,843,25,8.3912,<1H OCEAN,419000,1,2
-117.67,33.51,1645,393,1490,355,18,3.4792,<1H OCEAN,126400,0,0
-118.96,35.37,1603,374,1026,337,40,1.365,INLAND,54300,0,0
-122.29,40.47,2858,612,1422,589,20,1.9657,INLAND,63000,0,0
-117.21,32.85,2593,521,901,456,15,4.2065,NEAR OCEAN,277800,1,2
-118.09,33.84,1594,295,1061,320,27,4.7917,<1H OCEAN,217700,1,1
-117.24,34.59,5027,797,1869,686,4,3.5507,INLAND,186100,1,1
-122,37.31,4211,918,2389,861,33,4.7235,<1H OCEAN,242200,1,2
-117.79,33.68,2106,319,1002,332,10,8.735,<1H OCEAN,375300,1,2
-117.01,32.77,2311,536,1005,525,24,2.9,<1H OCEAN,185200,1,1
-122.4,37.78,352,132,313,105,32,2.5742,NEAR BAY,350000,1,2
-118.06,34.08,1197,260,942,245,34,3.4202,<1H OCEAN,189100,1,1
-117.31,34.11,1105,257,816,197,41,1.9375,INLAND,64100,0,0
-117.39,34.09,5736,945,3528,932,10,4.3958,INLAND,130700,0,0
-122.19,37.46,5419,1183,2002,1138,34,4.1985,NEAR BAY,500001,1,2
-122.68,38.76,994,226,302,117,29,2.3125,INLAND,67900,0,0
-117.95,34.06,2252,415,1370,411,32,4.6312,<1H OCEAN,184800,1,1
-119.72,36.34,1287,214,580,210,33,3.2019,INLAND,112500,0,0
-118.01,33.89,2046,327,1018,320,33,4.2292,<1H OCEAN,212800,1,1
-118.29,34.08,479,182,557,170,34,1.525,<1H OCEAN,210000,1,1
-121.64,37.14,5487,1024,2823,979,14,4.175,<1H OCEAN,229800,1,1
-115.51,32.99,1402,287,1104,317,20,1.9088,INLAND,63700,0,0
-117.41,34.23,889,131,439,141,17,6.1426,INLAND,155000,0,1
-118.22,33.8,1984,477,1764,440,33,3.875,NEAR OCEAN,165100,0,1
-121.83,39.1,1282,198,451,159,42,3.2917,INLAND,97900,0,0
-117.99,33.89,5195,1020,2539,988,21,4.5033,<1H OCEAN,160500,0,1
-118.21,33.81,1816,398,1524,388,45,3.8586,NEAR OCEAN,157900,0,1
-122.39,37.76,2316,468,1047,476,52,4.5057,NEAR BAY,321600,1,2
-124.23,40.54,2694,453,1152,435,52,3.0806,NEAR OCEAN,106700,0,0
-116.53,33.88,4423,763,1906,667,5,4.6855,INLAND,125200,0,0
-118.32,33.81,2113,380,1109,360,27,4.7062,<1H OCEAN,357000,1,2
-117.14,33.15,1149,182,702,192,17,5.5696,<1H OCEAN,168400,0,1
-118.05,33.78,3112,435,1098,401,25,6,<1H OCEAN,353500,1,2
-118.36,33.81,1575,300,881,309,26,5.1778,<1H OCEAN,359900,1,2
-119.21,34.31,7548,1038,2855,1008,22,6.729,NEAR OCEAN,409300,1,2
-122.47,37.72,1690,307,770,294,49,4.5913,NEAR OCEAN,259700,1,2
-119.31,36.63,1874,416,1834,432,26,1.6486,INLAND,55200,0,0
-122.36,37.94,907,188,479,161,45,3.0862,NEAR BAY,79000,0,0
-118.85,34.27,187,33,130,35,50,3.3438,<1H OCEAN,500001,1,2
-118.41,34.18,1975,384,882,406,35,4.375,<1H OCEAN,291700,1,2
-118.49,34.11,6603,879,2336,868,27,13.2935,<1H OCEAN,500001,1,2
-118.09,33.91,2369,604,1546,464,14,3.7969,<1H OCEAN,159400,0,1
-122.88,39.14,1125,231,521,196,20,2.2188,INLAND,106300,0,0
-117.91,33.79,4417,1054,2759,983,22,4.25,<1H OCEAN,170300,0,1
-122.57,38.02,9531,1487,3798,1409,33,5.6512,NEAR BAY,314000,1,2
-118.36,34.03,2365,638,2259,607,38,2.0879,<1H OCEAN,120700,0,0
-117.06,33.15,2155,379,1158,360,24,4.7941,<1H OCEAN,147500,0,1
-118.06,34.07,2308,674,3034,691,30,2.3929,<1H OCEAN,184400,1,1
-122.65,38.24,3273,579,1431,539,49,4.275,<1H OCEAN,227600,1,1
-122.16,37.71,666,132,366,134,36,3.4643,NEAR BAY,175000,0,1
-122.25,39.79,2127,412,1104,369,16,3.0469,INLAND,72200,0,0
-123.91,41.68,1880,360,743,314,22,2.9688,<1H OCEAN,152700,0,1
-118.1,33.9,1237,243,776,246,43,4.325,<1H OCEAN,166000,0,1
-119.77,36.86,4139,544,1843,562,7,8.2737,INLAND,193500,1,1
-117.82,33.65,2105,302,830,286,18,6.3822,<1H OCEAN,362500,1,2
-115.52,32.98,1302,327,1244,316,21,2.2054,INLAND,66400,0,0
-117.79,33.76,2037,252,796,249,25,11.0546,<1H OCEAN,487200,1,2
-122.08,37.63,691,127,431,149,33,4.25,NEAR BAY,192600,1,1
-118.09,33.74,1671,390,871,367,44,4.6369,NEAR OCEAN,422200,1,2
-122.7,38.44,883,202,401,194,45,3.2845,<1H OCEAN,178300,0,1
-122.43,37.75,2960,623,1191,589,52,3.95,NEAR BAY,347700,1,2
-121.09,38.19,762,140,358,141,23,2.4545,INLAND,105000,0,0
-117.25,34.11,2173,560,1509,486,30,1.4079,INLAND,67700,0,0
-118.14,33.92,3731,853,2313,801,31,3.2237,<1H OCEAN,218200,1,1
-122.48,37.69,2993,512,1594,546,42,4.4821,NEAR OCEAN,252400,1,2
-120.9,39.95,1349,238,601,203,20,3.5417,INLAND,96600,0,0
-119.8,36.72,1286,360,972,345,43,0.9513,INLAND,50400,0,0
-118.38,34.05,702,,458,187,49,4.8958,<1H OCEAN,333600,1,2
-117.2,34.14,1920,333,890,323,18,5.159,INLAND,144800,0,1
-122.58,38.08,10839,1637,4406,1623,27,5.615,NEAR BAY,285600,1,2
-118.3,33.87,1398,261,823,263,31,5.0641,<1H OCEAN,234900,1,2
-117.13,32.76,2280,695,1235,664,27,1.9392,NEAR OCEAN,142900,0,1
-122.07,37.67,2932,739,1198,624,28,3.2417,NEAR BAY,210800,1,1
-122.01,37.53,1890,303,889,314,27,5.7057,NEAR BAY,287600,1,2
-122.39,37.6,2304,384,986,379,44,4.652,NEAR OCEAN,387100,1,2
-121.84,39.76,2351,620,1215,548,14,2.3155,INLAND,102300,0,0
-122.02,37.37,5686,1489,3250,1329,8,4.2782,<1H OCEAN,327700,1,2
-122.27,37.91,1930,315,692,296,47,6.3669,NEAR BAY,315500,1,2
-122.52,38.99,975,219,337,155,16,1.6607,INLAND,77800,0,0
-118.42,34.31,6755,1443,4205,1395,19,3.9583,<1H OCEAN,163200,0,1
-122.15,37.72,4169,1047,2024,962,29,2.8125,NEAR BAY,157400,0,1
-117.8,33.63,32,9,26,11,8,4.1944,<1H OCEAN,270800,1,2
-122.13,37.69,1131,278,560,237,34,2.875,NEAR BAY,161700,0,1
